<?xml version="1.0" encoding="UTF-8"?>
<project-private xmlns="http://www.netbeans.org/ns/project-private/1">
    <editor-bookmarks xmlns="http://www.netbeans.org/ns/editor-bookmarks/2" lastBookmarkId="0"/>
    <open-files xmlns="http://www.netbeans.org/ns/projectui-open-files/2">
        <group>
            <file>file:/home/mati/Escritorio/ProductFilePersistence/src/cat/proven/model/Product.java</file>
            <file>file:/home/mati/Escritorio/ProductFilePersistence/src/cat/proven/model/Model.java</file>
            <file>file:/home/mati/Escritorio/ProductFilePersistence/src/cat/proven/main/Main.java</file>
            <file>file:/home/mati/Escritorio/ProductFilePersistence/src/cat/proven/model/Persistence/FilePersistenceInterface.java</file>
            <file>file:/home/mati/Escritorio/ProductFilePersistence/src/cat/proven/model/Persistence/Persistence.java</file>
        </group>
    </open-files>
</project-private>
